Codi,Nom,Codi comarca,Nom comarca,UTM X,UTM Y,Longitud,Latitud
250019,Abella de la Conca,25,Pallars Jussà,342356.4132,4669446.456,1.091706045,42.1612871
080018,Abrera,11,Baix Llobregat,408399.9631,4596650.842,1.902237925,41.5162579
250024,Àger,23,Noguera,314774.2392,4652108.639,0.763537783,41.99921535
250030,Agramunt,38,Urgell,342006.097,4627871.394,1.098635444,41.78696984
080023,Aguilar de Segarra,07,Bages,386156.1188,4621696.05,1.630963223,41.73892913
170010,Agullana,02,Alt Empordà,487356.821,4693545.394,2.846385617,42.39409786
080142,Aiguafreda,41,Vallès Oriental,437612.1891,4624388.539,2.249396729,41.76888504
430017,Aiguamúrcia,01,Alt Camp,363055.7551,4578521.158,1.363104482,41.34655112
170025,Aiguaviva,20,Gironès,480301.4259,4642929.369,2.762375415,41.93808642
250387,Aitona,33,Segrià,287893.5222,4596783.178,0.458983454,41.49461039
250045,"Alamús, els",33,Segrià,311583.6606,4609580.18,0.738550669,41.61570667
250058,Alàs i Cerc,04,Alt Urgell,377131.6224,4689896.224,1.508172662,42.35162992
250061,"Albagés, l'",18,Garrigues,311155.7699,4591046.571,0.739237187,41.44879641
170031,Albanyà,02,Alt Empordà,476930.9321,4683650.721,2.720108023,42.30474663
250077,Albatàrrec,33,Segrià,300355.8601,4605146.675,0.605376149,41.57307862
250083,Albesa,23,Noguera,305403.2773,4624746.558,0.659485934,41.75071608
250096,"Albi, l'",18,Garrigues,327528.3966,4587803.459,0.936040777,41.42328726
430022,Albinyana,12,Baix Penedès,373157.6843,4567130.064,1.486184747,41.24563253
430038,"Albiol, l'",08,Baix Camp,339944.7266,4568502.908,1.089629618,41.25209985
170046,Albons,10,Baix Empordà,507044.6072,4661354.194,3.085200894,42.10424634
430043,Alcanar,22,Montsià,286762.4333,4491059.459,0.481966932,40.5428638
250100,Alcanó,33,Segrià,301053.3901,4594834.703,0.617145104,41.48044892
250117,Alcarràs,33,Segrià,293564.9227,4604204.306,0.524318402,41.56287362
250122,Alcoletge,33,Segrià,307985.9327,4613153.63,0.694256215,41.6470102
430056,Alcover,01,Alt Camp,346720.5084,4569526.847,1.170205538,41.26263186
439044,"Aldea, l'",09,Baix Ebre,299087.7533,4513273.673,0.620293809,40.74589422
430069,Aldover,09,Baix Ebre,289355.2609,4528421.64,0.500003865,40.87979172
430075,"Aleixar, l'",08,Baix Camp,336175.0031,4562981.828,1.046140895,41.20164042
080039,Alella,21,Maresme,441165.0786,4593820.13,2.295144857,41.49384008
430081,Alfara de Carles,09,Baix Ebre,280930.2447,4527996.703,0.400259187,40.87375777
250138,Alfarràs,33,Segrià,298183.1028,4633756.316,0.56965673,41.82999269
250143,Alfés,33,Segrià,301361.8959,4599378.463,0.619339111,41.52141772
430094,Alforja,08,Baix Camp,330255.5948,4564096.385,0.975275129,41.21045485
250156,Algerri,23,Noguera,303856.0692,4632021.69,0.638489583,41.81580709
250169,Alguaire,33,Segrià,299059.892,4623307.148,0.583741122,41.73618377
250175,Alins,26,Pallars Sobirà,361956.7358,4712071.436,1.318664825,42.54870829
430108,Alió,01,Alt Camp,358200.0331,4572902.978,1.306398395,41.29512621
250194,Almacelles,33,Segrià,286818.2641,4623150.087,0.436732426,41.73158197
250208,Almatret,33,Segrià,284313.6132,4575880.752,0.42358212,41.30556557
250215,Almenar,33,Segrià,297893.284,4630216.604,0.567375973,41.79806557
430115,Almoster,08,Baix Camp,341802.7993,4562463.522,1.113359413,41.1980931
250220,Alòs de Balaguer,23,Noguera,330861.1877,4642082.501,0.960531325,41.91258932
170062,Alp,15,Cerdanya,408406.6855,4691845.99,1.887513138,42.37349819
080044,Alpens,24,Osona,425697.5767,4663408.728,2.101142098,42.11926142
250236,Alpicat,33,Segrià,296455.9333,4615621.721,0.55507915,41.66636078
250241,Alt Àneu,26,Pallars Sobirà,344918.7715,4721903.568,1.108575263,42.63397364
430120,Altafulla,36,Tarragonès,363786.0191,4555820.481,1.376896997,41.14227297
170078,Amer,34,Selva,467144.4655,4650866.481,2.603222047,42.00913383
430136,"Ametlla de Mar, l'",09,Baix Ebre,314944.5393,4528341.071,0.803501688,40.88524846
080057,"Ametlla del Vallès, l'",41,Vallès Oriental,438525.1365,4613333.639,2.261520529,41.66939188
439060,"Ampolla, l'",09,Baix Ebre,307226.2297,4520646.492,0.714340607,40.8142068
430141,Amposta,22,Montsià,295671.307,4509762.73,0.581007048,40.71345238
170084,Anglès,34,Selva,469981.4259,4645045.45,2.637779014,41.95681994
250273,Anglesola,38,Urgell,340258.6552,4613694.269,1.081418917,41.65899697
250292,Arbeca,18,Garrigues,326919.8702,4601032.467,0.924966081,41.54223831
430167,"Arboç, l'",12,Baix Penedès,383035.5149,4569393.279,1.603603923,41.26750259
430154,Arbolí,08,Baix Camp,328105.6188,4567646.406,0.948646721,41.24195886
170097,Arbúcies,34,Selva,459614.461,4629461.982,2.513754625,41.81600431
080060,Arenys de Mar,21,Maresme,462623.081,4603191.138,2.551624094,41.57953396
080076,Arenys de Munt,21,Maresme,461603.122,4606684.454,2.53916522,41.61094994
170101,Argelaguer,19,Garrotxa,470425.6426,4673532.491,2.641698357,42.21340121
080082,Argençola,06,Anoia,370337.9773,4606261.146,1.444155159,41.59753198
430173,"Argentera, l'",08,Baix Camp,324530.5255,4556096.416,0.909320776,41.1372189
080095,Argentona,21,Maresme,450008.1375,4600615.296,2.400515899,41.55564404
170118,"Armentera, l'",02,Alt Empordà,505989.6617,4668750.214,3.072517841,42.17086694
430189,Arnes,37,Terra Alta,269280.2601,4532396.798,0.260519691,40.91015257
250313,Arres,39,Aran,312695.873,4736146.785,0.711147895,42.75497977
250328,Arsèguel,04,Alt Urgell,383281.6294,4689621.177,1.582876907,42.35010072
080109,Artés,07,Bages,413171.2076,4627891.855,1.95486944,41.79813699
250334,Artesa de Lleida,33,Segrià,308465.3458,4602555.57,0.703394598,41.55174258
250349,Artesa de Segre,23,Noguera,337862.6179,4640014.073,1.045473965,41.89543837
430192,Ascó,30,Ribera d'Ebre,295942.5233,4561692.642,0.567111344,41.18090134
250365,Aspa,33,Segrià,305705.8022,4596396.621,0.672320658,41.49564683
250371,"Avellanes i Santa Linya, les",23,Noguera,314573.3081,4641990.877,0.764299568,41.90810962
080116,Avià,14,Berguedà,402819.428,4659024.982,1.82515717,42.07728596
080121,Avinyó,07,Bages,414578.2644,4635119.855,1.970760811,41.86338143
170123,Avinyonet de Puigventós,02,Alt Empordà,493008.7075,4677467.326,2.915250376,42.2493678
080137,Avinyonet del Penedès,03,Alt Penedès,397904.8169,4579548.895,1.779376543,41.36097714
080155,Badalona,13,Barcelonès,437170.1396,4588989.202,2.247791638,41.45002603
089045,Badia del Vallès,40,Vallès Occidental,426053.9829,4595645.707,2.113905197,41.50903011
080168,Bagà,14,Berguedà,406176.5492,4678477.049,1.86260099,42.25285297
250390,Baix Pallars,26,Pallars Sobirà,340506.5476,4687521.499,1.064357054,42.32360869
250404,Balaguer,23,Noguera,317578.8285,4628758.98,0.804588928,41.78971866
080174,Balenyà,24,Osona,436477.1764,4629560.22,2.235188771,41.81537217
080180,Balsareny,07,Bages,406781.2532,4635198.914,1.876819518,41.86321312
430206,Banyeres del Penedès,12,Baix Penedès,381146.9226,4570741.333,1.580800344,41.27936622
170157,Banyoles,28,Pla de l'Estany,480473.8957,4662727.006,2.763796776,42.11639909
250411,Barbens,27,Pla d'Urgell,335060.2261,4616058.335,1.018365545,41.67921889
430213,Barberà de la Conca,16,Conca de Barberà,351852.206,4585879.601,1.227449026,41.41081942
082520,Barberà del Vallès,40,Vallès Occidental,426959.8889,4596387.751,2.124669407,41.51579636
080193,Barcelona,13,Barcelonès,431205.8838,4581535.646,2.177241106,41.38240539
250426,"Baronia de Rialb, la",23,Noguera,350451.2313,4643819.355,1.19618638,41.93217702
170160,Bàscara,02,Alt Empordà,492579.631,4667496.314,2.91017634,42.15956157
250447,Bassella,04,Alt Urgell,358748.305,4651839.304,1.294293646,42.00590676
430228,Batea,37,Terra Alta,274144.422,4552777.793,0.310763867,41.09490435
250450,Bausen,39,Aran,313356.9414,4744996.794,0.716292102,42.83477555
080207,Begues,11,Baix Llobregat,410015.8869,4575968.237,1.924677961,41.33017397
170139,Begur,10,Baix Empordà,517182.2096,4644740.438,3.20732264,41.95445697
250463,Belianes,38,Urgell,334679.3961,4603000.023,1.017397869,41.56159093
251706,Bellaguarda,18,Garrigues,310752.6664,4578611.74,0.738299645,41.33678081
170182,Bellcaire d'Empordà,10,Baix Empordà,507817.5887,4658775.184,3.094515204,42.08101115
250479,Bellcaire d'Urgell,23,Noguera,325887.8635,4625165.28,0.905573979,41.7592389
250485,Bell-lloc d'Urgell,27,Pla d'Urgell,315037.0216,4611080.95,0.779505499,41.63002203
430234,Bellmunt del Priorat,29,Priorat,312519.5723,4559368.739,0.765313302,41.1639882
250498,Bellmunt d'Urgell,23,Noguera,329806.0692,4626696.486,0.952239022,41.77387105
080214,Bellprat,06,Anoia,369367.9081,4597362.14,1.434454531,41.51724732
250501,Bellpuig,38,Urgell,334402.3431,4610123.081,1.012110106,41.62565452
430249,Bellvei,12,Baix Penedès,380713.8783,4566526.026,1.576455639,41.24134335
250518,Bellver de Cerdanya,15,Cerdanya,399088.2385,4691666.714,1.774387211,42.37073001
250523,Bellvís,27,Pla d'Urgell,318322.968,4615683.555,0.817527266,41.67220364
250539,Benavent de Segrià,33,Segrià,303155.8413,4618556.062,0.634522237,41.69445163
430252,Benifallet,09,Baix Ebre,291168.1246,4538871.987,0.517981377,40.97430796
430265,Benissanet,30,Ribera d'Ebre,301274.6626,4547742.734,0.635144854,41.05667231
080229,Berga,14,Berguedà,404570.4126,4661941.373,1.845845087,42.1037619
170195,Besalú,19,Garrotxa,475176.6376,4671902.452,2.699326775,42.19888607
170209,Bescanó,20,Gironès,478734.5985,4645966.856,2.743365182,41.96540335
170216,Beuda,19,Garrotxa,476056.6711,4676145.452,2.70981115,42.23712686
080235,Bigues i Riells del Fai,41,Vallès Oriental,434102.5437,4614475.505,2.208271917,41.67932227
250557,Biosca,32,Segarra,363681.1732,4633496.239,1.358077757,41.84163239
430271,"Bisbal de Falset, la",29,Priorat,309334.9154,4572365.386,0.723326471,41.28022562
430287,"Bisbal del Penedès, la",12,Baix Penedès,373355.7143,4570996.068,1.487744296,41.28047573
170221,"Bisbal d'Empordà, la",10,Baix Empordà,503161.4788,4645258.199,3.038149687,41.95930116
172348,Biure,02,Alt Empordà,491356.7799,4687320.416,2.895078275,42.33809006
430290,Blancafort,16,Conca de Barberà,346213.8088,4589009.303,1.159223964,41.43793699
170237,Blanes,34,Selva,482653.4733,4613606.666,2.791605671,41.67403461
170293,Boadella i les Escaules,02,Alt Empordà,488263.7691,4686547.376,2.857547428,42.33108746
170242,Bolvir,15,Cerdanya,407842.7222,4696849.002,1.879863587,42.41848025
430304,Bonastre,12,Baix Penedès,369230.6578,4564421.089,1.439913737,41.22061386
250576,"Bòrdes, Es",39,Aran,313306.9945,4734247.617,0.719236909,42.73803938
170255,Bordils,20,Gironès,492675.5338,4654670.293,2.911498031,42.04404495
250582,"Borges Blanques, les",18,Garrigues,322205.8453,4598746.5,0.86916301,41.5206285
430311,"Borges del Camp, les",08,Baix Camp,333873.5831,4559744.803,1.019587184,41.17203008
170268,Borrassà,02,Alt Empordà,493906.6866,4674545.314,2.926166502,42.22305885
080240,Borredà,14,Berguedà,416861.0816,4665325.653,1.993986452,42.13563637
250595,Bossòst,39,Aran,311191.5941,4739361.996,0.691705542,42.78354193
430326,Bot,37,Terra Alta,280080.3577,4543046.733,0.384843145,41.00896452
430332,Botarell,08,Baix Camp,331190.6416,4555825.009,0.988701528,41.13618814
250560,Bovera,18,Garrigues,302405.6549,4577696.617,0.638921343,41.32654176
430347,Bràfim,01,Alt Camp,361052.6869,4569917.16,1.341136631,41.26873802
170274,Breda,34,Selva,463331.2087,4621945.465,2.558967397,41.74848568
080253,"Bruc, el",06,Anoia,398306.0031,4603945.93,1.780059385,41.58073445
080266,"Brull, el",24,Osona,442317.3569,4629662.628,2.305489017,41.81674111
170280,Brunyola i Sant Martí Sapresa,34,Selva,473817.1362,4639242.65,2.684319914,41.9046929
430350,Cabacés,29,Priorat,310105.5989,4568696.545,0.733664655,41.24738484
250609,Cabanabona,23,Noguera,352016.6118,4634834.23,1.217309912,41.85158378
170314,Cabanelles,02,Alt Empordà,485106.6792,4675370.383,2.819514826,42.23037144
170307,Cabanes,02,Alt Empordà,498191.7643,4683886.296,2.978060207,42.30720773
080272,"Cabanyes, les",03,Alt Penedès,390414.8154,4580852.954,1.689614095,41.37173606
250616,Cabó,04,Alt Urgell,355357.4965,4677785.371,1.246936817,42.23886454
430363,Cabra del Camp,01,Alt Camp,355930.7865,4584071.221,1.276657071,41.39527897
080288,Cabrera d'Anoia,06,Anoia,391755.9067,4592595.962,1.703544417,41.47766643
080291,Cabrera de Mar,21,Maresme,449384.0318,4597329.532,2.393308926,41.52601029
080305,Cabrils,21,Maresme,447249.0286,4597368.549,2.367716483,41.52622386
170329,Cadaqués,02,Alt Empordà,522741.7868,4681818.107,3.275849152,42.28825155
080312,Calaf,06,Anoia,376194.0404,4621321.435,1.511278933,41.73406648
430379,Calafell,12,Baix Penedès,379991.2156,4562052.886,1.568712715,41.20095546
080348,Calders,42,Moianès,416188.2046,4626871.83,1.991322594,41.78927569
170335,Caldes de Malavella,34,Selva,484205.4273,4631915.651,2.809763769,41.83897595
080333,Caldes de Montbui,41,Vallès Oriental,430222.9048,4609545.477,2.162240112,41.63459072
080327,Caldes d'Estrac,21,Maresme,460609.1379,4602425.615,2.527515728,41.57254213
080351,Calella,21,Maresme,471440.3386,4606896.38,2.65721784,41.61327142
080370,Calldetenes,24,Osona,440654.4121,4641599.549,2.284270015,41.92412424
080386,Callús,07,Bages,398938.0598,4626202.778,1.783871713,41.78124073
080364,Calonge de Segarra,06,Anoia,374756.1034,4622060.137,1.493838563,41.74049243
170340,Calonge i Sant Antoni,10,Baix Empordà,506294.4011,4634354.158,3.075838423,41.86107184
250621,Camarasa,23,Noguera,323894.1722,4638103.757,0.877764265,41.87525565
439039,Camarles,09,Baix Ebre,303480.1891,4516046.514,0.671407425,40.77191372
430385,Cambrils,08,Baix Camp,336829.3523,4548459.881,1.057802277,41.07103393
170353,Camós,28,Pla de l'Estany,480818.5576,4660219.391,2.768048383,42.09382295
170366,Campdevànol,31,Ripollès,431337.4655,4674916.596,2.168005107,42.22340907
170372,Campelles,31,Ripollès,429194.6493,4682864.818,2.141072148,42.29479352
080399,Campins,41,Vallès Oriental,455411.2083,4619330.521,2.463909429,41.72452859
170388,Campllong,20,Gironès,485999.3965,4637878.318,2.831229783,41.89271449
170391,Camprodon,31,Ripollès,447671.6911,4684560.681,2.365044902,42.31152555
250637,Canejan,39,Aran,315181.9469,4745346.78,0.738490358,42.83836792
170405,Canet d'Adri,20,Gironès,478235.5026,4653512.401,2.737062442,42.03334923
080403,Canet de Mar,21,Maresme,465195.4783,4604171.983,2.582425003,41.58848471
439076,"Canonja, la",36,Tarragonès,347129.5448,4553999.241,1.178965575,41.1229086
080410,Canovelles,41,Vallès Oriental,439766.9169,4608034.137,2.276970352,41.62175675
080425,Cànoves i Samalús,41,Vallès Oriental,446156.1692,4615995.586,2.352943715,41.69391937
170412,Cantallops,02,Alt Empordà,493908.7327,4696710.56,2.925957603,42.42268242
080431,Canyelles,17,Garraf,393012.6049,4571266.612,1.722358067,41.28575598
430398,Capafonts,08,Baix Camp,334830.6729,4573446.364,1.027284083,41.2955744
430402,Capçanes,29,Priorat,313680.4796,4552246.492,0.78130284,41.10014659
080446,Capellades,06,Anoia,390365.3995,4598529.792,1.685814119,41.53091212
170427,Capmany,02,Alt Empordà,493490.899,4691152.68,2.920941486,42.37262459
080459,Capolat,14,Berguedà,396865.315,4659103.828,1.753178363,42.07723654
080462,Cardedeu,41,Vallès Oriental,446309.9318,4609818.135,2.355346668,41.63829179
080478,Cardona,07,Bages,390558.2718,4640971.046,1.680327797,41.91311035
080484,Carme,06,Anoia,385128.8219,4598609.762,1.62304521,41.53089786
430419,Caseres,37,Terra Alta,268891.3421,4546680.759,0.25057195,41.03856857
170448,Cassà de la Selva,20,Gironès,489570.3248,4636999.155,2.874290931,41.88485122
080497,Casserres,14,Berguedà,404059.0429,4652019.979,1.841287149,42.0143601
080575,Castell de l'Areny,14,Berguedà,412880.5231,4669546.921,1.945196781,42.17321606
259046,Castell de Mur,25,Pallars Jussà,324379.4359,4662135.123,0.87642989,42.09165825
250642,Castellar de la Ribera,35,Solsonès,368825.0693,4653505.64,1.415558053,42.02265254
080522,Castellar de n'Hug,14,Berguedà,418968.6244,4681651.894,2.017208352,42.28287514
080500,Castellar del Riu,14,Berguedà,393278.6477,4665133.45,1.708727309,42.13104932
080517,Castellar del Vallès,40,Vallès Occidental,423990.1566,4607828.419,2.087635113,41.61855701
080538,Castellbell i el Vilar,07,Bages,405081.1537,4609256.497,1.860478136,41.62939237
080543,Castellbisbal,40,Vallès Occidental,414936.9376,4591975.786,1.981226635,41.47487524
080556,Castellcir,42,Moianès,429250.1995,4623561.726,2.148900039,41.76073745
250674,Castelldans,18,Garrigues,313472.2811,4596299.016,0.765325275,41.49661329
080569,Castelldefels,11,Baix Llobregat,414264.7729,4570375.757,1.976232924,41.28026946
080581,Castellet i la Gornal,03,Alt Penedès,381929.5554,4567845.08,1.590703884,41.25340002
170464,Castellfollit de la Roca,19,Garrotxa,462831.6051,4674245.55,2.549651308,42.21949879
080608,Castellfollit de Riubregós,06,Anoia,370149.1749,4626094.128,1.437574989,41.77607379
080594,Castellfollit del Boix,07,Bages,390392.0642,4613663.006,1.683366337,41.66718916
080615,Castellgalí,07,Bages,403326.3997,4614367.658,1.838589454,41.67520948
080620,Castellnou de Bages,07,Bages,403425.2236,4632013.935,1.836910755,41.8341297
250680,Castellnou de Seana,27,Pla d'Urgell,331056.6781,4612707.849,0.971241769,41.64822014
250693,Castelló de Farfanya,23,Noguera,311249.9846,4632317.808,0.727346844,41.82026728
170470,Castelló d'Empúries,02,Alt Empordà,506168.9522,4678489.042,3.074791957,42.25857657
080636,Castellolí,06,Anoia,391688.008,4605994.984,1.700317601,41.59831648
170486,Castell-Platja d'Aro,10,Baix Empordà,505571.3629,4629510.156,3.067081286,41.81744775
250707,Castellserà,38,Urgell,332622.0503,4623627.459,0.986964286,41.74684408
080641,Castellterçol,42,Moianès,426879.1884,4622566.742,2.12050299,41.75156183
430424,Castellvell del Camp,08,Baix Camp,340380.5838,4560546.303,1.096907219,41.18055339
080654,Castellví de la Marca,03,Alt Penedès,384363.1486,4575915.993,1.61821029,41.32643174
080667,Castellví de Rosanes,11,Baix Llobregat,408078.9068,4589303.834,1.89951114,41.45005532
430430,"Catllar, el",36,Tarragonès,359596.9565,4559587.54,1.326137929,41.17547808
250714,Cava,04,Alt Urgell,383361.6087,4686871.172,1.58440322,42.32535337
171899,"Cellera de Ter, la",34,Selva,468698.4327,4646233.462,2.622234819,41.96746992
170499,Celrà,20,Gironès,489601.773,4652732.276,2.874392042,42.02655538
080673,Centelles,24,Osona,435123.0651,4627609.995,2.219100119,41.79769849
082687,Cercs,14,Berguedà,405962.4906,4666618.969,1.861924391,42.14605031
082665,Cerdanyola del Vallès,40,Vallès Occidental,428271.4845,4593624.005,2.140715332,41.49102342
080689,Cervelló,11,Baix Llobregat,412971.8686,4583253.787,1.958951323,41.39611352
250729,Cervera,32,Segarra,356080.4117,4614115.996,1.27125747,41.66580832
250735,Cervià de les Garrigues,18,Garrigues,321112.0961,4588108.203,0.859217612,41.42462762
170502,Cervià de Ter,20,Gironès,492606.5536,4657245.297,2.910632032,42.06723626
170519,Cistella,02,Alt Empordà,487481.715,4679595.371,2.848205461,42.26846438
250740,Ciutadilla,38,Urgell,344804.1952,4602776.412,1.138813382,41.56160701
250753,Clariana de Cardener,35,Solsonès,385988.1119,4643353.406,1.624774181,41.93391509
250766,"Cogul, el",18,Garrigues,307055.7792,4593146.606,0.689520695,41.46672232
170545,Colera,02,Alt Empordà,512397.7005,4694631.168,3.150655224,42.40388031
250772,Coll de Nargó,04,Alt Urgell,360883.3869,4670415.268,1.315645723,42.17351957
080692,Collbató,11,Baix Llobregat,402408.9973,4602396.897,1.829521495,41.56729637
430458,Colldejou,08,Baix Camp,322666.7691,4552013.341,0.888307781,41.10005832
080706,Collsuspina,42,Moianès,431515.258,4630763.72,2.175314238,41.82579764
170558,Colomers,10,Baix Empordà,498931.5462,4659145.252,2.987081633,42.08438237
251636,"Coma i la Pedra, la",35,Solsonès,383531.4834,4670271.145,1.589798104,42.17591991
251615,Conca de Dalt,25,Pallars Jussà,332640.3824,4678947.232,0.971426812,42.24478465
430461,Conesa,16,Conca de Barberà,357424.8922,4597739.231,1.291294091,41.51860535
430477,Constantí,36,Tarragonès,350116.574,4557289.224,1.213727473,41.15308728
080713,Copons,06,Anoia,376584.9872,4610467.105,1.518223006,41.63639337
080728,Corbera de Llobregat,11,Baix Llobregat,410386.8819,4585504.81,1.927701004,41.41610239
430483,Corbera d'Ebre,37,Terra Alta,288148.7528,4550450.351,0.47815365,41.07772916
250788,Corbins,33,Segrià,308003.6342,4618002.199,0.692910362,41.69065099
170577,Corçà,10,Baix Empordà,501432.5019,4648646.217,3.017294311,41.98982108
080734,Cornellà de Llobregat,11,Baix Llobregat,422219.8476,4578602.71,2.070159567,41.35517145
170561,Cornellà del Terri,28,Pla de l'Estany,484754.56,4659690.361,2.815658025,42.08914457
430496,Cornudella de Montsant,29,Priorat,324505.6333,4570296.438,0.904950072,41.26504071
430509,Creixell,36,Tarragonès,369185.2229,4558549.951,1.440627272,41.16773933
170583,Crespià,28,Pla de l'Estany,483312.6405,4670645.389,2.797909523,42.18778054
179011,"Cruïlles, Monells i Sant Sadurní de l'Heura",10,Baix Empordà,499249.4703,4644937.228,2.990943737,41.95641624
080749,Cubelles,17,Garraf,388708.216,4562724.75,1.672526156,41.20825098
250791,Cubells,23,Noguera,330421.1362,4635444.494,0.95713334,41.85274554
430516,Cunit,12,Baix Penedès,385530.6623,4561645.961,1.634836815,41.19809301
170600,Darnius,02,Alt Empordà,486178.797,4690673.398,2.832141614,42.36821251
170617,Das,15,Cerdanya,406956.6423,4690545.999,1.870114118,42.3616204
439018,Deltebre,09,Baix Ebre,307665.1507,4510125.472,0.722777588,40.71960517
080752,Dosrius,21,Maresme,450483.0915,4604945.536,2.405853754,41.59467541
430537,Duesaigües,08,Baix Camp,326347.6251,4557034.367,0.930692032,41.14605326
170622,"Escala, l'",02,Alt Empordà,511056.5995,4663670.167,3.133767625,42.12505878
080765,Esparreguera,11,Baix Llobregat,405801.9785,4599205.866,1.870708537,41.53896619
170638,Espinelves,24,Osona,451691.3243,4635380.574,2.417880772,41.86886642
250812,"Espluga Calba, l'",18,Garrigues,333455.839,4595621.409,1.004775522,41.49491526
430542,"Espluga de Francolí, l'",16,Conca de Barberà,341539.8605,4584493.143,1.104490009,41.39637103
080771,Esplugues de Llobregat,11,Baix Llobregat,423737.8689,4581087.702,2.087992375,41.37769777
170643,Espolla,02,Alt Empordà,500056.8067,4693220.297,3.000690169,42.39127293
170656,Esponellà,28,Pla de l'Estany,483235.3136,4669488.322,2.797006406,42.17735796
250827,Espot,26,Pallars Sobirà,343246.7632,4715434.521,1.089974016,42.57540928
080787,"Espunyola, l'",14,Berguedà,398032.4008,4656457.014,1.767745419,42.05355577
082541,"Esquirol, l'",24,Osona,447708.4588,4653911.696,2.368244029,42.03550806
250886,Estamariu,04,Alt Urgell,378381.6423,4692296.218,1.522838904,42.37343375
080790,"Estany, l'",42,Moianès,426344.2862,4635568.767,2.112454961,41.86860715
250851,Estaràs,32,Segarra,365056.049,4616846.202,1.378411547,41.69196075
250864,Esterri d'Àneu,26,Pallars Sobirà,346106.8121,4721246.508,1.123235174,42.62829782
250870,Esterri de Cardós,26,Pallars Sobirà,357406.7972,4716996.416,1.262041281,42.59221472
430555,Falset,29,Priorat,317068.2924,4557275.509,0.820118665,41.14618499
170059,"Far d'Empordà, el",02,Alt Empordà,499700.7203,4677750.275,2.996371933,42.25194737
250899,Farrera,26,Pallars Sobirà,357956.7246,4707296.396,1.271152918,42.50499961
430568,"Fatarella, la",37,Terra Alta,288000.9849,4559856.611,0.473149679,41.16234027
430574,"Febró, la",08,Baix Camp,332828.6549,4571453.377,1.003933683,41.27722074
081347,Figaró-Montmany,41,Vallès Oriental,439560.1821,4619132.641,2.273365617,41.72169934
080804,Fígols,14,Berguedà,403936.1968,4670528.291,1.836761574,42.18100615
259084,Fígols i Alinyà,04,Alt Urgell,362977.9915,4673618.808,1.340241294,42.2027292
430580,"Figuera, la",29,Priorat,309879.6494,4565273.233,0.732035727,41.21651919
170669,Figueres,02,Alt Empordà,496774.3097,4679445.634,2.960886614,42.2672096
430593,Figuerola del Camp,01,Alt Camp,354930.7654,4581496.225,1.26531658,41.37191524
170675,Flaçà,20,Gironès,496535.5426,4655006.264,2.958136746,42.0470974
430607,Flix,30,Ribera d'Ebre,294660.3758,4567326.658,0.549946451,41.23128181
250925,"Floresta, la",18,Garrigues,326405.842,4597446.466,0.919841953,41.50984771
080826,Fogars de la Selva,34,Selva,472676.2433,4620417.392,2.671432557,41.73509888
080811,Fogars de Montclús,41,Vallès Oriental,453688.2081,4619686.534,2.443167054,41.72763658
170681,Foixà,10,Baix Empordà,499836.541,4654091.238,2.998025075,42.03886374
080832,Folgueroles,24,Osona,443502.3707,4643186.648,2.318462912,41.93862682
250931,Fondarella,27,Pla d'Urgell,322880.9426,4611396.514,0.873515184,41.63464248
080847,Fonollosa,07,Bages,389335.1434,4624312.03,1.668695995,41.76293413
170694,Fontanals de Cerdanya,15,Cerdanya,409407.6965,4693109.984,1.899470415,42.38499703
170708,Fontanilles,10,Baix Empordà,508976.5306,4650885.163,3.108405998,42.00993664
170715,Fontcoberta,28,Pla de l'Estany,482607.4016,4665660.525,2.789517726,42.14286976
080850,Font-rubí,03,Alt Penedès,387260.8464,4585587.986,1.651028415,41.41394001
250946,Foradada,23,Noguera,335106.1638,4638046.462,1.012813872,41.87715685
179026,Forallac,10,Baix Empordà,504565.4816,4645308.188,3.055092224,41.95974452
430614,Forès,16,Conca de Barberà,352711.2822,4595030.429,1.235491145,41.49336453
170736,Fornells de la Selva,20,Gironès,484286.4289,4642535.338,2.810456867,41.93462692
170741,Fortià,02,Alt Empordà,503335.324,4676694.779,3.040426933,42.24243421
080863,"Franqueses del Vallès, les",41,Vallès Oriental,441462.1127,4609635.612,2.297161105,41.63630673
430629,Freginals,22,Montsià,290380.8416,4505293.146,0.519922755,40.67189591
250962,"Fuliola, la",38,Urgell,335205.2366,4619981.062,1.019023032,41.71456032
250978,Fulleda,18,Garrigues,335005.8143,4592046.392,1.02431182,41.46305309
080902,Gaià,07,Bages,410890.3037,4641066.892,1.925435009,41.91652923
430635,"Galera, la",22,Montsià,285661.9432,4506501.223,0.463731007,40.68155614
080879,Gallifa,40,Vallès Occidental,426413.1385,4616081.736,2.115699161,41.69311463
430640,Gandesa,37,Terra Alta,284784.6512,4547698.676,0.439107295,41.05208342
430653,Garcia,30,Ribera d'Ebre,302654.0533,4556594.338,0.648705737,41.13667673
430666,"Garidells, els",01,Alt Camp,353080.5924,4563246.21,1.247606439,41.20726471
080885,"Garriga, la",41,Vallès Oriental,440564.1531,4615083.627,2.285838545,41.68530786
170754,Garrigàs,02,Alt Empordà,496213.6653,4671261.292,2.954141859,42.19349642
170767,Garrigoles,10,Baix Empordà,502520.6025,4661681.229,3.030486814,42.10721936
170773,Garriguella,02,Alt Empordà,505328.6511,4688030.234,3.064692114,42.34451252
080898,Gavà,11,Baix Llobregat,416687.8882,4573217.703,2.004774201,41.30611887
250984,Gavet de la Conca,25,Pallars Jussà,328106.3616,4665546.559,0.920462441,42.12318799
080919,Gelida,03,Alt Penedès,405029.8948,4588329.855,1.863167973,41.44092894
170789,Ger,15,Cerdanya,405005.7108,4696014.989,1.845525258,42.41062854
259123,Gimenells i el Pla de la Font,33,Segrià,282651.9033,4614461.824,0.389850706,41.65227888
430672,Ginestar,30,Ribera d'Ebre,301105.4134,4546096.578,0.633663591,41.04181481
170792,Girona,20,Gironès,485491.9609,4647920.828,2.824865628,41.98315544
080924,Gironella,14,Berguedà,407528.3979,4654136.938,1.882846227,42.03383842
080930,Gisclareny,14,Berguedà,399891.5693,4678251.034,1.786464763,42.25003708
430688,Godall,22,Montsià,285991.1941,4503605.736,0.468609637,40.65558241
250997,Golmés,27,Pla d'Urgell,327839.5674,4611049.912,0.933110148,41.63260825
170806,Gombrèn,31,Ripollès,425006.6038,4677695.905,2.090942855,42.24785517
251001,Gósol,14,Berguedà,389487.7884,4676963.229,1.660625117,42.23703837
080945,"Granada, la",03,Alt Penedès,392920.8233,4581386.936,1.719478586,41.37688207
251018,"Granadella, la",18,Garrigues,304705.6825,4580821.604,0.665377869,41.35522766
080958,Granera,42,Moianès,421582.1586,4619719.778,2.057173474,41.72541716
251023,"Granja d'Escarp, la",33,Segrià,278716.5462,4588586.582,0.352158006,41.41837797
080961,Granollers,41,Vallès Oriental,440575.0878,4606509.613,2.286822072,41.60808662
251039,Granyanella,32,Segarra,352490.0102,4614259.294,1.228114284,41.66644177
251057,Granyena de les Garrigues,18,Garrigues,303658.1697,4589442.614,0.650071322,41.43256244
251044,Granyena de Segarra,32,Segarra,353907.976,4609469.276,1.246309237,41.62357853
430691,Gratallops,29,Priorat,313622.5581,4562634.509,0.777456951,41.19363821
080977,Gualba,41,Vallès Oriental,458577.5692,4620146.188,2.501920371,41.7320464
170813,Gualta,10,Baix Empordà,508581.5145,4652945.17,3.103665683,42.02849475
080996,Guardiola de Berguedà,14,Berguedà,407485.0359,4676279.443,1.878810946,42.23322071
430705,"Guiamets, els",29,Priorat,311305.4778,4552496.511,0.752965188,41.10184911
170828,Guils de Cerdanya,15,Cerdanya,407832.7476,4700170.007,1.879209626,42.44838226
251095,Guimerà,38,Urgell,348547.4515,4602985.274,1.183629776,41.5642051
259031,"Guingueta d'Àneu, la",26,Pallars Sobirà,346741.1913,4717454.94,1.131988036,42.59429672
251109,Guissona,32,Segarra,357761.9545,4627282.388,1.288303003,41.78464838
251116,Guixers,35,Solsonès,389778.0118,4665341.043,1.666343154,42.13243407
081000,Gurb,24,Osona,437271.3629,4643445.696,2.243276016,41.94048906
430712,Horta de Sant Joan,37,Terra Alta,274174.6701,4537099.031,0.31686019,40.95383083
081017,"Hospitalet de Llobregat, l'",13,Barcelonès,424696.8549,4579052.691,2.099712098,41.35945967
081629,"Hostalets de Pierola, els",06,Anoia,397455.962,4598745.929,1.770752125,41.53379831
170834,Hostalric,34,Selva,470179.2485,4621616.412,2.641346718,41.74580856
081022,Igualada,06,Anoia,384757.9817,4603926.033,1.617581375,41.57871621
251155,Isona i Conca Dellà,25,Pallars Jussà,338292.2324,4664614.887,1.043875564,42.11696856
170849,Isòvol,15,Cerdanya,404306.991,4694589.765,1.837272363,42.39770976
251121,Ivars de Noguera,23,Noguera,299591.3389,4635977.327,0.58584905,41.85033683
251137,Ivars d'Urgell,27,Pla d'Urgell,332434.9953,4616423.449,0.98674138,41.68195747
251142,Ivorra,32,Segarra,366656.1182,4625646.204,1.395661121,41.77146172
170852,Jafre,10,Baix Empordà,500890.0761,4657766.583,3.010759556,42.07196555
170865,"Jonquera, la",02,Alt Empordà,489564.0188,4696074.031,2.87315709,42.41690358
081038,Jorba,06,Anoia,379054.2526,4606583.527,1.548645289,41.6018025
259101,Josa i Tuixén,04,Alt Urgell,381711.5272,4676444.169,1.566512595,42.23122593
170871,Juià,20,Gironès,492328.5115,4651773.291,2.907342846,42.01794949
251180,Juncosa,18,Garrigues,313960.7557,4582378.973,0.775456987,41.3714361
251193,Juneda,18,Garrigues,318615.864,4601955.532,0.825199319,41.54870764
251214,Les,39,Aran,312758.4569,4742276.697,0.709878949,42.81015343
251229,Linyola,27,Pla d'Urgell,325656.0099,4619746.506,0.904373528,41.71041342
081043,"Llacuna, la",06,Anoia,377424.8817,4592249.071,1.532021048,41.47248046
170887,Lladó,02,Alt Empordà,484606.6933,4677295.389,2.813404691,42.24769882
251235,Lladorre,26,Pallars Sobirà,356418.1055,4720282.844,1.249167838,42.62161411
251240,Lladurs,35,Solsonès,376490.3626,4655813.176,1.507628611,42.04466915
081056,"Llagosta, la",41,Vallès Oriental,432709.9962,4596034.657,2.193612736,41.51312003
170890,Llagostera,20,Gironès,491016.6056,4630775.146,2.891817464,41.82881009
170904,Llambilles,20,Gironès,488331.3922,4641020.305,2.859278593,41.92105157
170911,Llanars,31,Ripollès,445956.6966,4685620.695,2.344137229,42.32095448
170926,Llançà,02,Alt Empordà,512414.8327,4689982.198,3.150763207,42.36201125
251253,Llardecans,33,Segrià,295154.6856,4583181.681,0.550502483,41.37409493
251266,Llavorsí,26,Pallars Sobirà,352821.7111,4706565.435,1.208870332,42.49746019
251207,Lleida,33,Segrià,302272.9144,4609721.951,0.626842574,41.61473059
170932,Llers,02,Alt Empordà,492713.7465,4682679.336,2.911609249,42.29630565
251272,Lles de Cerdanya,15,Cerdanya,391931.6761,4693946.181,1.687061793,42.39029165
081075,Lliçà d'Amunt,41,Vallès Oriental,436626.8023,4606585.544,2.239433257,41.60846679
081081,Lliçà de Vall,41,Vallès Oriental,436576.0635,4604125.64,2.239084658,41.58630762
251288,Llimiana,25,Pallars Jussà,327624.0702,4660220.427,0.916202262,42.07514407
081069,Llinars del Vallès,41,Vallès Oriental,450414.3487,4609884.114,2.404620012,41.63915185
170947,Llívia,15,Cerdanya,416291.4804,4701917.665,1.981799668,42.46507864
430727,"Lloar, el",29,Priorat,311378.2911,4561830.113,0.750961695,41.1858784
251291,Llobera,35,Solsonès,372571.254,4642304.185,1.463218405,41.92241632
430733,Llorac,16,Conca de Barberà,358830.895,4601921.227,1.307155552,41.55650686
430748,Llorenç del Penedès,12,Baix Penedès,378818.3366,4571176.094,1.552917107,41.28293512
170950,Lloret de Mar,34,Selva,487319.4493,4616325.965,2.847602852,41.69861565
170963,"Llosses, les",31,Ripollès,427288.5674,4666910.84,2.119950002,42.15094845
081094,Lluçà,24,Osona,423331.4501,4657750.824,2.073264042,42.06808229
171024,Maçanet de Cabrenys,02,Alt Empordà,479453.1349,4692671.256,2.750387891,42.38605651
171030,Maçanet de la Selva,34,Selva,477671.2855,4624982.361,2.731325675,41.77637139
170979,Madremanya,20,Gironès,496481.4945,4648695.255,2.957521494,41.9902562
170985,Maià de Montcal,19,Garrotxa,478768.6626,4674469.429,2.742740958,42.22211068
251333,Maials,33,Segrià,291252.6693,4582269.296,0.504199067,41.36488195
251305,Maldà,38,Urgell,336552.4871,4601792.075,1.040176789,41.55110193
081108,Malgrat de Mar,21,Maresme,478410.1764,4610450.333,2.740742879,41.64550143
081115,Malla,24,Osona,436483.3166,4637467.693,2.234413951,41.88658813
081120,Manlleu,24,Osona,440667.4181,4650017.681,2.283578064,41.9999391
081136,Manresa,07,Bages,402428.1287,4619692.923,1.826928753,41.72305529
430764,Marçà,29,Priorat,315589.4511,4555157.873,0.803144969,41.12678858
430751,Margalef,29,Priorat,311930.6325,4572771.537,0.754172771,41.28448996
082423,Marganell,07,Bages,399481.0549,4610542.932,1.793045527,41.64029098
081141,Martorell,11,Baix Llobregat,410719.9312,4591966.818,1.930730461,41.4743361
081154,Martorelles,41,Vallès Oriental,436824.0129,4597394.628,2.242767079,41.52570389
430770,Mas de Barberans,22,Montsià,278247.472,4512731.828,0.37387819,40.73566675
171002,Masarac,02,Alt Empordà,497731.8002,4688745.307,2.972460262,42.3509675
430786,Masdenverge,22,Montsià,291513.0301,4510099.395,0.531709388,40.71544069
081167,"Masies de Roda, les",24,Osona,442657.4121,4648849.663,2.30771889,41.98956736
081173,"Masies de Voltregà, les",24,Osona,436656.431,4652545.715,2.23487791,42.02239373
430799,Masllorenç,12,Baix Penedès,367271.0107,4569899.517,1.415351919,41.26962478
081189,"Masnou, el",21,Maresme,443144.9831,4592174.572,2.319018119,41.47916172
430803,"Masó, la",01,Alt Camp,351055.6441,4566346.231,1.222709035,41.2348059
430810,Maspujols,08,Baix Camp,336100.5641,4560795.937,1.045839079,41.18194646
081192,Masquefa,06,Anoia,400835.9402,4595155.897,1.81185265,41.50189427
430825,"Masroig, el",29,Priorat,309558.0071,4555299.154,0.731302487,41.12666805
251312,Massalcoreig,33,Segrià,279455.7361,4593096.815,0.359348357,41.45916407
171019,Massanes,34,Selva,471069.2672,4623905.409,2.651939379,41.76645821
251327,Massoteres,32,Segarra,359656.1301,4628646.262,1.310765521,41.79726476
081206,Matadepera,40,Vallès Occidental,418890.0462,4605450.776,2.026747357,41.59664189
081213,Mataró,21,Maresme,453697.8499,4598832.642,2.444896864,41.5398099
081228,Mediona,03,Alt Penedès,384055.8948,4592618.021,1.611341144,41.47678877
251348,Menàrguens,23,Noguera,312358.4214,4622163.196,0.743889689,41.72913882
170998,Meranges,15,Cerdanya,400238.8503,4699984.779,1.786916351,42.44577443
171058,Mieres,19,Garrotxa,470234.567,4663624.477,2.639889942,42.12416017
430831,"Milà, el",01,Alt Camp,349755.1511,4567863.657,1.206824514,41.24822743
251351,Miralcamp,27,Pla d'Urgell,323355.9178,4608046.505,0.88020209,41.60459409
430846,Miravet,30,Ribera d'Ebre,298055.4058,4545771.601,0.597512982,41.03813937
081385,Moià,42,Moianès,424990.2373,4629393.767,2.096923027,41.81286912
430859,"Molar, el",29,Priorat,307555.5247,4559471.55,0.706156478,41.16375075
081234,Molins de Rei,11,Baix Llobregat,417759.8903,4585138.754,2.015962183,41.41359396
251370,Mollerussa,27,Pla d'Urgell,324576.6788,4610818.085,0.894030377,41.62981069
171061,Mollet de Peralada,02,Alt Empordà,500047.1156,4689591.141,3.000572131,42.35858847
081249,Mollet del Vallès,41,Vallès Oriental,434126.017,4598496.65,2.210310853,41.53541184
171077,Molló,31,Ripollès,450926.7257,4688454.662,2.404208714,42.34680531
251364,"Molsosa, la",35,Solsonès,378760.4121,4626742.933,1.541023401,41.78327794
081287,Monistrol de Calders,42,Moianès,418088.1828,4623634.811,2.014631919,41.76032259
081271,Monistrol de Montserrat,07,Bages,403576.0349,4607099.895,1.842759667,41.60979073
171096,Montagut i Oix,19,Garrotxa,466676.892,4675554.903,2.59616617,42.23146439
430862,Montblanc,16,Conca de Barberà,346250.3161,4582215.193,1.161386523,41.37677696
430884,Montbrió del Camp,08,Baix Camp,332417.8476,4554074.242,1.003792637,41.12068106
081252,Montcada i Reixac,40,Vallès Occidental,432193.9722,4593005.656,2.187770377,41.48579566
081304,Montclar,14,Berguedà,397754.4974,4652535.594,1.765071661,42.01820919
251399,Montellà i Martinet,15,Cerdanya,392554.4104,4690585.606,1.695252157,42.36012031
081311,Montesquiu,24,Osona,434675.5021,4662279.745,2.209866277,42.10989357
251403,Montferrer i Castellbò,04,Alt Urgell,370508.5054,4688864.904,1.428016981,42.34127089
430897,Montferri,01,Alt Camp,363105.6871,4569496.144,1.365731905,41.26529763
251386,Montgai,23,Noguera,330633.4884,4629569.401,0.961368967,41.79990798
081265,Montgat,21,Maresme,439765.9677,4590845.595,2.278681615,41.4669452
081326,Montmajor,14,Berguedà,395250.3666,4652484.029,1.734842842,42.01741553
081332,Montmaneu,06,Anoia,367918.2323,4609482.007,1.414420497,41.62613551
430901,"Montmell, el",12,Baix Penedès,370582.0695,4574941.654,1.453796685,41.31556393
081350,Montmeló,41,Vallès Oriental,437277.081,4600256.712,2.247898536,41.55151721
251425,Montoliu de Lleida,33,Segrià,298897.6913,4603750.762,0.588368512,41.56015082
251410,Montoliu de Segarra,32,Segarra,355803.9506,4605731.255,1.269958038,41.5902694
251431,Montornès de Segarra,32,Segarra,352555.9552,4606996.282,1.230695659,41.60106555
081363,Montornès del Vallès,41,Vallès Oriental,438890.3517,4599548.218,2.267313544,41.54526095
430918,Mont-ral,01,Alt Camp,340644.8525,4572354.109,1.096974798,41.28690992
171100,Mont-ras,10,Baix Empordà,512002.449,4639541.123,3.144717363,41.9077239
430923,Mont-roig del Camp,08,Baix Camp,328496.635,4550457.638,0.958121082,41.08730454
081379,Montseny,41,Vallès Oriental,449736.2287,4623212.57,2.395354738,41.75915399
430939,Móra d'Ebre,30,Ribera d'Ebre,301940.7545,4551776.771,0.641767088,41.09314292
430944,Móra la Nova,30,Ribera d'Ebre,302723.822,4552533.291,0.650840627,41.10014239
430957,"Morell, el",36,Tarragonès,349786.1598,4561629.937,1.208726943,41.19210803
430960,"Morera de Montsant, la",29,Priorat,319230.626,4570446.478,0.841974773,41.26522842
081290,Muntanyola,24,Osona,431759.7679,4636603.31,2.177584873,41.87840992
081398,Mura,07,Bages,414812.127,4616923.825,1.976188317,41.69954107
251459,Nalec,38,Urgell,342830.9067,4602621.349,1.115201518,41.55982565
250254,Naut Aran,39,Aran,328219.0312,4730433.036,0.902445048,42.70719246
081402,Navarcles,07,Bages,408859.1623,4622780.879,1.903759781,41.75162689
081419,Navàs,07,Bages,407043.2844,4639262.919,1.879336762,41.89984083
171117,Navata,02,Alt Empordà,488490.6788,4674628.356,2.860538506,42.22374573
251462,Navès,35,Solsonès,387084.477,4649816.68,1.636754845,41.99226914
081424,"Nou de Berguedà, la",14,Berguedà,407906.5095,4668795.958,1.885103187,42.16588441
430976,"Nou de Gaià, la",36,Tarragonès,363610.5046,4560328.305,1.373803061,41.18283352
430982,Nulles,01,Alt Camp,357161.1268,4567855.037,1.295178559,41.24949229
251484,Odèn,35,Solsonès,366701.4237,4665871.266,1.387099236,42.13362308
081430,Òdena,06,Anoia,386808.3065,4607005.824,1.641588518,41.60674209
171122,Ogassa,31,Ripollès,440406.6417,4679545.728,2.277413077,42.26584144
081458,Olèrdola,03,Alt Penedès,392967.7763,4575182.926,1.721133883,41.32101847
081461,Olesa de Bonesvalls,03,Alt Penedès,403861.8179,4578437.849,1.850758765,41.35170451
081477,Olesa de Montserrat,11,Baix Llobregat,407742.9852,4599684.852,1.893900541,41.54350594
251497,Oliana,04,Alt Urgell,360342.3577,4658500.303,1.31194814,42.06615809
251500,Oliola,23,Noguera,348500.1812,4637616.361,1.174256928,41.87596418
251517,Olius,35,Solsonès,380443.3115,4648268.135,1.556913968,41.97734627
081483,Olivella,17,Garraf,400576.7781,4573885.866,1.812242091,41.31031156
081496,Olost,24,Osona,425093.3832,4648595.796,2.095728143,41.98580669
171143,Olot,19,Garrotxa,457418.1165,4670243.781,2.484354623,42.18318266
251522,"Oluges, les",32,Segarra,360208.0462,4617473.24,1.320031043,41.69676951
081445,Olvan,14,Berguedà,409558.4015,4656682.558,1.906973539,42.05699767
251538,"Omellons, els",18,Garrigues,329726.6661,4596398.221,0.95990685,41.5011244
251543,"Omells de na Gaia, els",38,Urgell,339340.8521,4596128.366,1.07510478,41.50068029
171156,Ordis,02,Alt Empordà,492301.3061,4674071.015,2.906720201,42.21877299
251556,Organyà,04,Alt Urgell,361932.4739,4674526.523,1.327366452,42.21071699
081509,Orís,24,Osona,437056.4618,4656520.718,2.239282559,42.05822395
081516,Oristà,24,Osona,422098.3335,4642693.81,2.060357752,41.93236576
081521,Orpí,06,Anoia,383780.9384,4598421.032,1.60692923,41.52900383
081537,Òrrius,21,Maresme,446207.0516,4600580.562,2.35494046,41.55508453
251569,Os de Balaguer,23,Noguera,310659.9672,4637940.163,0.718450186,41.87072639
171169,Osor,34,Selva,463215.1306,4643831.897,2.556211062,41.94560349
251575,Ossó de Sió,38,Urgell,346981.0767,4624171.351,1.159428883,41.75463582
081542,Pacs del Penedès,03,Alt Penedès,388674.2443,4579744.506,1.669009697,41.36151537
081555,Palafolls,21,Maresme,479139.1955,4612862.331,2.749412882,41.667246
171175,Palafrugell,10,Baix Empordà,513605.6331,4640346.812,3.164065976,41.91495458
171181,Palamós,10,Baix Empordà,510757.3458,4632759.494,3.129581349,41.84666081
251581,"Palau d'Anglesola, el",27,Pla d'Urgell,323536.193,4613269.485,0.880824357,41.65164643
171194,Palau de Santa Eulàlia,02,Alt Empordà,497056.6499,4669045.282,2.964362863,42.17354183
171215,Palau-sator,10,Baix Empordà,509209.1659,4648597.292,3.111179563,41.98932789
171208,Palau-saverdera,02,Alt Empordà,512207.7862,4683913.19,3.14812057,42.30735638
081568,Palau-solità i Plegamans,40,Vallès Occidental,431520.8829,4604309.194,2.178421008,41.58754343
431009,"Pallaresos, els",36,Tarragonès,355043.479,4559663.432,1.271857414,41.17535981
081574,Pallejà,11,Baix Llobregat,416167.8956,4586154.767,1.996775252,41.4225799
089058,"Palma de Cervelló, la",11,Baix Llobregat,414018.883,4584916.781,1.971237761,41.41120333
430995,"Palma d'Ebre, la",30,Ribera d'Ebre,304530.6208,4572746.593,0.665882597,41.28250815
171236,Palol de Revardit,28,Pla de l'Estany,483107.5405,4657496.37,2.795806377,42.06935071
171241,Pals,10,Baix Empordà,512020.503,4646575.134,3.145078573,41.9710771
081580,"Papiol, el",11,Baix Llobregat,417372.9103,4587855.761,2.010961168,41.43802425
171254,Pardines,31,Ripollès,435234.6731,4684758.775,2.214123574,42.3123746
081593,Parets del Vallès,41,Vallès Oriental,436104.0517,4602670.642,2.233577244,41.57316553
171267,Parlavà,10,Baix Empordà,502630.6277,4652424.069,3.031775971,42.0238438
431016,Passanant i Belltall,16,Conca de Barberà,349580.8614,4599371.293,1.196922058,41.53186384
171289,Pau,02,Alt Empordà,509631.7897,4684895.211,3.1168817,42.31623673
431021,Paüls,09,Baix Ebre,281082.7088,4533395.114,0.400164063,40.92237943
171292,Pedret i Marzà,02,Alt Empordà,505660.7786,4684221.24,3.068686953,42.31020582
251641,Penelles,23,Noguera,330874.6837,4624904.864,0.965598414,41.75797244
171306,"Pera, la",10,Baix Empordà,497813.5222,4652052.25,2.973590405,42.02049633
081607,Perafita,24,Osona,426092.4323,4654854.798,2.106999046,42.04226681
431037,Perafort,36,Tarragonès,353705.5799,4561396.203,1.255500189,41.19072089
171328,Peralada,02,Alt Empordà,500658.5089,4683965.876,3.00798995,42.30792626
251654,Peramola,04,Alt Urgell,356640.345,4657572.33,1.267448373,42.05713729
431042,"Perelló, el",09,Baix Ebre,307205.2807,4527396.503,0.712002694,40.87496069
081614,Piera,06,Anoia,395145.9458,4597039.944,1.743364446,41.5181362
431055,"Piles, les",16,Conca de Barberà,361657.498,4596016.23,1.342395363,41.50383442
081635,Pineda de Mar,21,Maresme,474138.1547,4608468.362,2.689529503,41.62752246
431068,"Pinell de Brai, el",37,Terra Alta,291112.6845,4543706.696,0.51568904,41.01780503
251667,Pinell de Solsonès,35,Solsonès,368941.2723,4645451.217,1.418757039,41.95015594
251673,Pinós,35,Solsonès,378924.183,4631637.12,1.541994622,41.82737047
431074,Pira,16,Conca de Barberà,349780.0175,4587378.537,1.202295244,41.42393
431080,"Pla de Santa Maria, el",01,Alt Camp,356882.545,4580728.947,1.288826246,41.36535634
081640,"Pla del Penedès, el",03,Alt Penedès,392219.8573,4586003.949,1.710276206,41.41836621
171334,"Planes d'Hostoles, les",19,Garrotxa,461681.4967,4656090.53,2.536909351,42.05593631
171349,Planoles,31,Ripollès,426131.6634,4685289.845,2.103610131,42.31634679
259118,"Plans de Sió, els",32,Segarra,350123.1934,4624852.945,1.197033473,41.76137105
251689,"Poal, el",27,Pla d'Urgell,321614.7276,4616287.056,0.856863782,41.67837959
251692,"Pobla de Cérvoles, la",18,Garrigues,325646.6056,4581712.069,0.915289225,41.36804868
081653,"Pobla de Claramunt, la",06,Anoia,389528.9688,4601219.993,1.675296009,41.55502231
081666,"Pobla de Lillet, la",14,Berguedà,415409.5858,4677307.914,1.974683055,42.24338043
431093,"Pobla de Mafumet, la",36,Tarragonès,349822.6029,4561127.232,1.209284685,41.18758866
431107,"Pobla de Massaluca, la",37,Terra Alta,278055.4998,4562246.778,0.353860191,41.1811873
431114,"Pobla de Montornès, la",36,Tarragonès,367014.6194,4559820.099,1.414486274,41.17882324
251713,"Pobla de Segur, la",25,Pallars Jussà,332460.6499,4679526.027,0.969082431,42.24995562
431129,Poboleda,29,Priorat,319417.5992,4566828.472,0.845276091,41.23270288
081672,Polinyà,40,Vallès Occidental,429640.029,4601003.688,2.156245284,41.55760939
431135,"Pont d'Armentera, el",01,Alt Camp,363119.9417,4582651.209,1.362939374,41.38374894
250306,"Pont de Bar, el",04,Alt Urgell,385156.651,4692046.167,1.605152752,42.37221301
171352,Pont de Molins,02,Alt Empordà,493863.7638,4684714.331,2.925538693,42.31464308
251734,"Pont de Suert, el",05,Alta Ribagorça,314094.7952,4697520.266,0.740819954,42.40773167
081825,"Pont de Vilomara i Rocafort, el",07,Bages,406029.1147,4617091.892,1.87062396,41.70006581
431418,Pontils,16,Conca de Barberà,365358.8688,4593024.164,1.387396068,41.47752473
081688,Pontons,03,Alt Penedès,376030.8318,4585971.071,1.516619317,41.41573587
171365,Pontós,02,Alt Empordà,493130.3732,4670512.547,2.916807482,42.18673195
251728,Ponts,23,Noguera,349597.735,4641966.384,1.186369339,41.91533392
171371,Porqueres,28,Pla de l'Estany,481649.4894,4661381.249,2.778059867,42.10430702
431140,Porrera,29,Priorat,320205.5624,4561871.458,0.856129608,41.18825741
171404,"Port de la Selva, el",02,Alt Empordà,516849.2729,4687391.751,3.204538207,42.33859809
171387,Portbou,02,Alt Empordà,513365.1799,4697131.311,3.16246997,42.42638049
251749,"Portella, la",33,Segrià,303680.7677,4623562.437,0.639175932,41.73963592
431153,Pradell de la Teixeta,29,Priorat,321755.5376,4558271.441,0.875646887,41.15619339
431166,Prades,08,Baix Camp,331593.9731,4575100.24,0.988191149,41.3097941
431172,Prat de Comte,37,Terra Alta,281711.7261,4540175.884,0.405237276,40.98356815
081691,"Prat de Llobregat, el",11,Baix Llobregat,424105.8298,4575869.691,2.093044846,41.33073627
431188,Pratdip,08,Baix Camp,321105.4484,4546621.427,0.871294807,41.05117875
081712,Prats de Lluçanès,24,Osona,419560.6937,4651192.638,2.028590923,42.00864672
081705,"Prats de Rei, els",06,Anoia,378702.0799,4618110.101,1.542081512,41.70553776
251752,Prats i Sansor,15,Cerdanya,404231.1627,4690950.195,1.836956242,42.36492897
251765,Preixana,38,Urgell,336561.938,4607990.405,1.03860185,41.60690151
251771,Preixens,23,Noguera,338056.0974,4628746.426,1.050887005,41.79405026
082303,Premià de Dalt,21,Maresme,445126.0097,4595284.562,2.34246115,41.50731101
081727,Premià de Mar,21,Maresme,446306.9968,4593332.55,2.35678569,41.4898095
171390,"Preses, les",19,Garrotxa,455444.5602,4665700.592,2.460804364,42.14215674
251790,Prullans,15,Cerdanya,395956.6411,4692646.086,1.736184762,42.37913531
171411,Puigcerdà,15,Cerdanya,411736.3821,4698370.194,1.926947695,42.43263033
081748,Puigdàlber,03,Alt Penedès,391429.556,4584451.505,1.701100137,41.40427965
251804,Puiggròs,18,Garrigues,323983.4786,4602156.92,0.889455565,41.55171932
431191,Puigpelat,01,Alt Camp,357430.6901,4571096.19,1.297636558,41.27872271
081751,Puig-reig,14,Berguedà,407122.347,4647511.931,1.87898946,41.97413283
251811,Puigverd d'Agramunt,38,Urgell,343895.6925,4626811.842,1.12164226,41.77780562
251826,Puigverd de Lleida,33,Segrià,310955.8496,4601596.589,0.733536105,41.54370384
081764,Pujalt,06,Anoia,368785.0756,4619595.179,1.422600785,41.71733521
081770,"Quar, la",14,Berguedà,414101.4472,4659278.896,1.96148824,42.08088762
171426,Quart,20,Gironès,486731.4368,4643101.32,2.839936624,41.93976947
170433,Queralbs,31,Ripollès,431035.6976,4688809.814,2.162693687,42.34849447
431205,Querol,01,Alt Camp,366110.8242,4586989.148,1.397736804,41.42331134
171432,Rabós,02,Alt Empordà,502281.8313,4691895.277,3.027717715,42.37933638
081786,Rajadell,07,Bages,392396.1183,4620352.063,1.70622668,41.7276963
431362,"Ràpita, la",22,Montsià,296361.8519,4499391.02,0.592536631,40.62026987
431212,Rasquera,30,Ribera d'Ebre,297911.1401,4541689.821,0.597134391,41.00136649
171447,Regencós,10,Baix Empordà,514245.2169,4644556.08,3.171880236,41.95285504
081799,Rellinars,40,Vallès Occidental,409282.0662,4610094.857,1.910774943,41.63743115
431227,Renau,36,Tarragonès,358454.6466,4565147.173,1.31123847,41.22533836
431233,Reus,08,Baix Camp,341290.6532,4557689.967,1.108491969,41.15501639
251832,Rialp,26,Pallars Sobirà,346702.6575,4700756.472,1.135992931,42.4439851
431248,"Riba, la",01,Alt Camp,347484.5505,4575698.026,1.177776121,41.31833693
431251,Riba-roja d'Ebre,30,Ribera d'Ebre,289502.5728,4569656.725,0.487657559,41.25092506
259059,Ribera d'Ondara,32,Segarra,361880.9904,4609771.216,1.341908077,41.62771708
251850,Ribera d'Urgellet,04,Alt Urgell,366721.7905,4685760.988,1.382781138,42.31268837
171450,Ribes de Freser,31,Ripollès,431420.9099,4684121.814,2.167926705,42.30631215
171463,Riells i Viabrea,34,Selva,463206.2206,4619370.462,2.557623335,41.72528733
431264,"Riera de Gaià, la",36,Tarragonès,362531.9875,4558350.244,1.361392723,41.16484026
251863,Riner,35,Solsonès,377644.2545,4641351.145,1.524576147,41.91463777
171479,Ripoll,31,Ripollès,433191.2585,4672415.64,2.19075318,42.20104761
081803,Ripollet,40,Vallès Occidental,429343.9771,4594221.68,2.15349201,41.49650163
259139,Riu de Cerdanya,15,Cerdanya,403321.6544,4688811.024,1.82627168,42.34555485
171485,Riudarenes,34,Selva,476456.2908,4630045.378,2.716505285,41.82193823
171498,Riudaura,19,Garrotxa,451081.5611,4670870.633,2.407573106,42.18845748
431270,Riudecanyes,08,Baix Camp,328845.621,4555194.367,0.96095419,41.1300198
431286,Riudecols,08,Baix Camp,330230.1906,4559476.773,0.9762538,41.16886235
171501,Riudellots de la Selva,34,Selva,483677.3932,4637936.335,2.803237748,41.89319249
431299,Riudoms,08,Baix Camp,336412.542,4555872.325,1.050870857,41.1376834
171518,Riumors,02,Alt Empordà,503550.7047,4674962.242,3.043026927,42.22682952
081810,"Roca del Vallès, la",41,Vallès Oriental,443802.0754,4604205.585,2.325763581,41.58756871
431303,Rocafort de Queralt,16,Conca de Barberà,356472.0375,4593197.021,1.280961476,41.47753985
431310,Roda de Berà,36,Tarragonès,370588.5323,4560553.065,1.456926185,41.18600197
081831,Roda de Ter,24,Osona,442796.4052,4647875.661,2.309491592,41.98080557
431325,Rodonyà,01,Alt Camp,365925.7586,4571080.505,1.399037098,41.28003658
431331,Roquetes,09,Baix Ebre,289414.2097,4521596.629,0.503011157,40.81838249
171523,Roses,02,Alt Empordà,514427.1688,4679037.652,3.174927346,42.26340849
251898,Rosselló,33,Segrià,299956.1217,4618793.958,0.596023748,41.69579487
431346,"Rourell, el",01,Alt Camp,350619.4659,4565252.106,1.217774332,41.2248745
081846,Rubí,40,Vallès Occidental,419143.9597,4593993.757,2.031335058,41.49348467
081859,Rubió,06,Anoia,380928.0316,4611310.073,1.570183864,41.64464409
171539,Rupià,10,Baix Empordà,500881.5267,4652045.226,3.0106476,42.02043561
089019,Rupit i Pruit,24,Osona,455680.3782,4652502.89,2.464658159,42.02330972
081878,Sabadell,40,Vallès Occidental,425650.0138,4599796.716,2.108551925,41.54637803
081884,Sagàs,14,Berguedà,414070.4218,4655941.891,1.961603058,42.05083423
251902,Salàs de Pallars,25,Pallars Jussà,329256.4381,4675446.627,0.931464895,42.21254512
081901,Saldes,14,Berguedà,395706.5456,4676011.062,1.736147373,42.22932023
171544,Sales de Llierca,19,Garrotxa,471131.6627,4676046.49,2.650126842,42.23606905
081918,Sallent,07,Bages,408207.2222,4630832.897,1.894674687,41.82406284
431359,Salomó,36,Tarragonès,363789.0024,4565453.384,1.374788777,41.22901123
439057,Salou,36,Tarragonès,343218.9305,4549446.877,1.133565772,41.08117674
171557,Salt,20,Gironès,482771.8501,4647027.408,2.792056075,41.97505395
251919,Sanaüja,32,Segarra,359723.102,4637365.977,1.309506069,41.87578021
081944,Sant Adrià de Besòs,13,Barcelonès,434643.9291,4586795.628,2.217787409,41.43006742
081957,Sant Agustí de Lluçanès,24,Osona,427779.4714,4659649.793,2.126789136,42.085605
081960,Sant Andreu de la Barca,11,Baix Llobregat,414083.9157,4589223.788,1.971403604,41.44999966
081976,Sant Andreu de Llavaneres,21,Maresme,456928.0839,4602659.483,2.483347205,41.57445867
171576,Sant Andreu Salou,20,Gironès,485521.3791,4635730.318,2.825520191,41.87335925
171833,Sant Aniol de Finestres,19,Garrotxa,468099.5125,4656827.483,2.614430985,42.06286032
081982,Sant Antoni de Vilamajor,41,Vallès Oriental,450111.1572,4613707.552,2.400660571,41.67356956
081995,Sant Bartomeu del Grau,24,Osona,431832.3885,4647914.744,2.177151812,41.98028526
082009,Sant Boi de Llobregat,11,Baix Llobregat,419913.8378,4577778.726,2.042704219,41.34752428
082016,Sant Boi de Lluçanès,24,Osona,429817.2558,4656649.527,2.15178496,42.05877073
082037,Sant Cebrià de Vallalta,21,Maresme,466627.1368,4607605.417,2.599410003,41.619471
082021,Sant Celoni,41,Vallès Oriental,457768.1826,4615478.497,2.49251912,41.68996299
082042,Sant Climent de Llobregat,11,Baix Llobregat,416028.3133,4576661.964,1.996420408,41.3370707
171582,Sant Climent Sescebes,02,Alt Empordà,498356.8168,4690745.306,2.980043309,42.36898126
082055,Sant Cugat del Vallès,40,Vallès Occidental,423377.946,4591323.72,2.082391608,41.46985344
082068,Sant Cugat Sesgarrigues,03,Alt Penedès,395647.8151,4579762.913,1.75236167,41.36261514
251961,Sant Esteve de la Sarga,25,Pallars Jussà,315037.0836,4661032.081,0.763893912,42.0795858
082074,Sant Esteve de Palautordera,41,Vallès Oriental,453006.1868,4617015.536,2.435177772,41.70353973
082080,Sant Esteve Sesrovires,11,Baix Llobregat,406040.9402,4594125.856,1.874365808,41.49324532
171595,Sant Feliu de Buixalleu,34,Selva,467325.4632,4620477.827,2.60708759,41.73544122
082107,Sant Feliu de Codines,41,Vallès Oriental,430473.481,4615575.254,2.164546597,41.68891823
171609,Sant Feliu de Guíxols,10,Baix Empordà,502359.9977,4625400.441,3.028398912,41.7804477
082114,Sant Feliu de Llobregat,11,Baix Llobregat,420250.8675,4581597.729,2.046230144,41.38195325
171616,Sant Feliu de Pallerols,19,Garrotxa,459258.5093,4658269.552,2.50747617,42.0754392
082129,Sant Feliu Sasserra,07,Bages,418974.3397,4644110.836,2.022486759,41.94481219
171621,Sant Ferriol,19,Garrotxa,476414.6358,4671415.442,2.71434161,42.19453826
082093,Sant Fost de Campsentelles,41,Vallès Oriental,435997.0059,4596630.633,2.232936617,41.51875719
082135,Sant Fruitós de Bages,07,Bages,406323.1578,4622707.898,1.87327387,41.75067462
171637,Sant Gregori,20,Gironès,480087.1516,4648730.041,2.759594318,41.99032564
251924,Sant Guim de Freixenet,32,Segarra,368349.0233,4612766.171,1.418867212,41.65577667
251977,Sant Guim de la Plana,32,Segarra,360731.1031,4624821.248,1.324595827,41.76301707
171642,Sant Hilari Sacalm,34,Selva,459202.6416,4636441.406,2.508315363,41.87884392
082153,Sant Hipòlit de Voltregà,24,Osona,436759.0255,4651784.483,2.236199081,42.01554645
081939,Sant Iscle de Vallalta,21,Maresme,464121.1364,4608105.437,2.569300136,41.62386593
082166,Sant Jaume de Frontanyà,14,Berguedà,419528.714,4670933.753,2.025486574,42.18641639
171655,Sant Jaume de Llierca,19,Garrotxa,467600.9123,4673356.504,2.607486515,42.21170425
431378,Sant Jaume dels Domenys,12,Baix Penedès,379380.7389,4573021.026,1.559265423,41.29963282
439023,Sant Jaume d'Enveja,22,Montsià,307136.6124,4508521.127,0.717018049,40.70504003
171674,Sant Joan de les Abadesses,31,Ripollès,440987.615,4675872.718,2.284830772,42.23280805
171680,Sant Joan de Mollet,20,Gironès,495267.5393,4654864.274,2.942815805,42.04581194
082188,Sant Joan de Vilatorrada,07,Bages,400626.1452,4622210.941,1.804848323,41.74550716
082172,Sant Joan Despí,11,Baix Llobregat,420963.2776,4580020.869,2.054954782,41.36782167
171851,Sant Joan les Fonts,19,Garrotxa,459641.4638,4673502.708,2.511051067,42.21265049
171668,Sant Jordi Desvalls,20,Gironès,496156.5632,4657781.271,2.953539082,42.07208893
089030,Sant Julià de Cerdanyola,14,Berguedà,408635.5599,4675222.962,1.892917871,42.22384293
171693,Sant Julià de Ramis,20,Gironès,486705.5168,4653636.337,2.839385619,42.03465426
082205,Sant Julià de Vilatorta,24,Osona,443988.3578,4641369.453,2.324497728,41.92229554
179032,Sant Julià del Llor i Bonmatí,34,Selva,472650.4393,4646297.432,2.669926096,41.9681931
082212,Sant Just Desvern,11,Baix Llobregat,422707.8538,4581990.252,2.075560984,41.38572828
171714,Sant Llorenç de la Muga,02,Alt Empordà,482703.9561,4685402.24,2.790097926,42.32067057
251930,Sant Llorenç de Morunys,35,Solsonès,383552.495,4665975.411,1.590910882,42.13724558
082227,Sant Llorenç d'Hortons,03,Alt Penedès,401832.9127,4591362.884,1.824413228,41.46785877
082233,Sant Llorenç Savall,40,Vallès Occidental,421738.7071,4614606.511,2.059726584,41.67938291
082251,Sant Martí d'Albars,24,Osona,423356.4162,4653295.817,2.074148562,42.02796555
082248,Sant Martí de Centelles,24,Osona,437738.2307,4623832.894,2.250971253,41.76389065
171729,Sant Martí de Llémena,20,Gironès,470832.4939,4653850.457,2.647611077,42.0361542
259025,Sant Martí de Riucorb,38,Urgell,337654.9883,4602766.6,1.053125669,41.56009925
082264,Sant Martí de Tous,06,Anoia,376839.2234,4602045.284,1.523004887,41.5606001
082270,Sant Martí Sarroca,03,Alt Penedès,383859.8176,4582463.007,1.610944411,41.38531544
082286,Sant Martí Sesgueioles,06,Anoia,374209.1216,4617796.033,1.488163253,41.7020122
171735,Sant Martí Vell,20,Gironès,494312.5162,4651978.276,2.931303885,42.01981256
082299,Sant Mateu de Bages,07,Bages,394705.1795,4627986.995,1.732630684,41.79675681
171740,Sant Miquel de Campmajor,28,Pla de l'Estany,473914.9017,4663791.167,2.684407451,42.12579254
171753,Sant Miquel de Fluvià,02,Alt Empordà,499329.6522,4668891.264,2.991883821,42.17215993
171766,Sant Mori,02,Alt Empordà,499295.85,4666755.211,2.991477146,42.15292172
171772,Sant Pau de Segúries,31,Ripollès,447681.649,4679045.672,2.365664211,42.26185991
082310,Sant Pere de Ribes,17,Garraf,397142.3954,4568602.82,1.772114573,41.26230332
082325,Sant Pere de Riudebitlles,03,Alt Penedès,391529.9744,4589881.813,1.701326925,41.45319447
082331,Sant Pere de Torelló,24,Osona,441773.5608,4658398.106,2.29610097,42.07549518
082346,Sant Pere de Vilamajor,41,Vallès Oriental,449285.1658,4614984.561,2.390629567,41.68501897
171788,Sant Pere Pescador,02,Alt Empordà,506876.9526,4670666.654,3.083283056,42.18811983
081897,Sant Pere Sallavinera,06,Anoia,381287.1096,4621508.087,1.572465286,41.73652419
082359,Sant Pol de Mar,21,Maresme,468429.752,4605460.243,2.621160222,41.60022259
082362,Sant Quintí de Mediona,03,Alt Penedès,388356.6364,4590946.797,1.663146513,41.46234959
082378,Sant Quirze de Besora,24,Osona,435687.5941,4661203.555,2.22222543,42.10028539
082384,Sant Quirze del Vallès,40,Vallès Occidental,423335.9989,4598317.731,2.080999131,41.53283954
082397,Sant Quirze Safaja,42,Moianès,429561.1718,4619846.717,2.153080364,41.72730742
251945,Sant Ramon,32,Segarra,363507.7187,4620501.87,1.358975924,41.72461029
082401,Sant Sadurní d'Anoia,03,Alt Penedès,398665.8717,4586559.901,1.787300544,41.42421161
082418,Sant Sadurní d'Osormort,24,Osona,448689.316,4639064.603,2.381388572,41.90185693
080983,Sant Salvador de Guardiola,07,Bages,397315.0846,4614897.955,1.766295575,41.67923246
082628,Sant Vicenç de Castellet,07,Bages,405395.4519,4613267.702,1.863615971,41.6655524
082649,Sant Vicenç de Montalt,21,Maresme,459050.0908,4603153.468,2.508766296,41.57901954
082652,Sant Vicenç de Torelló,24,Osona,439934.4697,4656981.696,2.274015277,42.06260072
082634,Sant Vicenç dels Horts,11,Baix Llobregat,417211.8726,4582895.754,2.009712625,41.39333667
431384,Santa Bàrbara,22,Montsià,288225.0816,4510070.778,0.492828019,40.71434449
082439,Santa Cecília de Voltregà,24,Osona,435585.3732,4649271.718,2.222301046,41.99282173
082444,Santa Coloma de Cervelló,11,Baix Llobregat,417721.8526,4580184.746,2.016180072,41.36897282
171805,Santa Coloma de Farners,34,Selva,472011.349,4634453.418,2.662775243,41.86149583
082457,Santa Coloma de Gramenet,13,Barcelonès,433843.1131,4589254.633,2.207934468,41.45214935
431397,Santa Coloma de Queralt,16,Conca de Barberà,365130.915,4599121.175,1.38330159,41.53238304
171812,Santa Cristina d'Aro,10,Baix Empordà,499742.3494,4628911.199,2.99689805,41.81207252
082460,Santa Eugènia de Berga,24,Osona,440539.3342,4638961.664,2.283148117,41.90035853
082476,Santa Eulàlia de Riuprimer,24,Osona,432708.3315,4640200.788,2.188605638,41.91088985
082482,Santa Eulàlia de Ronçana,41,Vallès Oriental,435818.1181,4611464.658,2.229205451,41.65234558
082495,Santa Fe del Penedès,03,Alt Penedès,393082.6781,4582224.926,1.721265848,41.38445001
171827,Santa Llogaia d'Àlguema,02,Alt Empordà,496132.2368,4675759.126,2.953125695,42.23400499
082508,Santa Margarida de Montbui,06,Anoia,383955.9765,4603396.038,1.608065901,41.57382772
082515,Santa Margarida i els Monjos,03,Alt Penedès,388107.7862,4575295.801,1.663058723,41.32137517
082536,Santa Maria de Besora,24,Osona,438645.5229,4664223.718,2.257677408,42.12772104
082567,Santa Maria de Martorelles,41,Vallès Oriental,437701.0091,4596706.62,2.253349207,41.51957597
082554,Santa Maria de Merlès,14,Berguedà,415392.3816,4650387.873,1.978376645,42.00096264
082573,Santa Maria de Miralles,06,Anoia,376961.9197,4597316.082,1.525443659,41.51803535
082592,Santa Maria de Palautordera,41,Vallès Oriental,453907.1038,4615838.048,2.44609648,41.69298714
082589,Santa Maria d'Oló,42,Moianès,419968.2798,4636033.816,2.035571761,41.87217579
431401,Santa Oliva,12,Baix Penedès,378472.6985,4567911.025,1.549441975,41.25348148
171848,Santa Pau,19,Garrotxa,464443.5761,4665950.524,2.569688975,42.14486776
082606,Santa Perpètua de Mogoda,40,Vallès Occidental,431884.0134,4598424.667,2.183444726,41.53457583
082613,Santa Susanna,21,Maresme,475602.1635,4609349.352,2.707068724,41.63550377
081923,Santpedor,07,Bages,403537.1809,4626364.925,1.839177662,41.78327337
431423,Sarral,16,Conca de Barberà,353709.1895,4589538.525,1.248772104,41.4441021
171864,Sarrià de Ter,20,Gironès,485528.9677,4651688.79,2.825219512,42.01709275
252017,Sarroca de Bellera,25,Pallars Jussà,325506.5575,4691896.619,0.881107541,42.35976804
252000,Sarroca de Lleida,33,Segrià,296355.7587,4592596.686,0.561683506,41.45912928
171870,"Saus, Camallera i Llampaies",02,Alt Empordà,497002.0595,4663462.817,2.963730612,42.12326353
431439,Savallà del Comtat,16,Conca de Barberà,358173.5859,4600448.16,1.299624351,41.54312796
431444,"Secuita, la",36,Tarragonès,355733.018,4562746.29,1.279347632,41.20324051
171886,"Selva de Mar, la",02,Alt Empordà,515406.8057,4685820.231,3.186985848,42.32447472
431457,"Selva del Camp, la",08,Baix Camp,343815.9227,4564315.141,1.136882482,41.21515423
431460,Senan,16,Conca de Barberà,340364.3683,4592689.927,1.088271595,41.46993046
430445,"Sénia, la",22,Montsià,270411.7228,4501597.769,0.285251665,40.63332816
252022,Senterada,25,Pallars Jussà,329976.656,4687887.337,0.936534555,42.3246735
250352,"Sentiu de Sió, la",23,Noguera,323697.4158,4630338.273,0.877706518,41.80531687
082671,Sentmenat,40,Vallès Occidental,428025.2728,4606754.459,2.136193226,41.60925884
171903,Serinyà,28,Pla de l'Estany,478982.5201,4668644.579,2.745542768,42.16965629
252043,Seròs,33,Segrià,283788.7721,4593488.472,0.411037646,41.4638672
171910,Serra de Daró,10,Baix Empordà,506006.541,4652845.189,3.072558712,42.02761814
171925,Setcases,31,Ripollès,442481.7366,4691645.731,2.30136792,42.37496369
252038,"Seu d'Urgell, la",04,Alt Urgell,373377.1766,4690681.507,1.462430747,42.35809762
082690,Seva,24,Osona,440245.2819,4632110.656,2.280295766,41.83863507
252056,Sidamon,27,Pla d'Urgell,319423.6703,4610812.285,0.832211886,41.6286088
171931,Sils,34,Selva,478763.314,4628555.358,2.744337729,41.80858301
082704,Sitges,17,Garraf,400428.7148,4565534.855,1.811838248,41.23508519
170524,Siurana,02,Alt Empordà,499545.6838,4673020.269,2.99449618,42.20934742
082711,Sobremunt,24,Osona,431038.4343,4654123.76,2.166839648,42.03613271
252069,"Soleràs, el",18,Garrigues,306240.1152,4587320.928,0.68162869,41.41409377
431476,Solivella,16,Conca de Barberà,347804.9198,4590971.342,1.177765474,41.45590429
252075,Solsona,35,Solsonès,377184.5875,4650247.013,1.517179245,41.99466233
082726,Sora,24,Osona,430536.4961,4662385.776,2.159795294,42.11049281
252081,Soriguera,26,Pallars Sobirà,348634.6055,4693563.446,1.161365174,42.37961756
252094,Sort,26,Pallars Sobirà,346236.3597,4697305.032,1.131249289,42.4128257
252108,Soses,33,Segrià,290382.3505,4600976.129,0.487312034,41.5329964
082732,Subirats,03,Alt Penedès,399215.6562,4581910.929,1.794652615,41.38241395
252115,Sudanell,33,Segrià,297118.3962,4603527.398,0.56712494,41.55769135
252120,Sunyer,33,Segrià,299130.8162,4599596.676,0.59254954,41.52282505
082747,Súria,07,Bages,396500.3883,4631815.336,1.753565253,41.83146668
171946,Susqueda,34,Selva,462481.4627,4651445.517,2.546874149,42.01414038
082763,Tagamanent,41,Vallès Oriental,439106.1953,4620995.647,2.267717476,41.7384436
082779,Talamanca,07,Bages,414942.1596,4621203.831,1.977139773,41.73809931
252154,Talarn,25,Pallars Jussà,326581.4122,4672546.581,0.899943075,42.18585502
252167,Talavera,32,Segarra,361491.9515,4604683.211,1.338415635,41.58183982
171959,"Tallada d'Empordà, la",10,Baix Empordà,504531.5822,4658620.209,3.054785975,42.0796412
082785,Taradell,24,Osona,440818.9048,4636011.583,2.286813911,41.87381066
431482,Tarragona,36,Tarragonès,353446.6264,4553261.879,1.254358212,41.11743424
252173,Tàrrega,38,Urgell,345027.1185,4612177.501,1.139054429,41.64628389
252189,Tarrés,18,Garrigues,334555.7801,4587596.389,1.020144555,41.42290082
252192,Tarroja de Segarra,32,Segarra,356664.0697,4621288.273,1.2765416,41.73048601
082750,Tavèrnoles,24,Osona,444181.3832,4644682.645,2.326511576,41.9521483
082802,Tavertet,24,Osona,451835.9838,4649583.915,2.418462997,41.99679492
082819,Teià,21,Maresme,443230.1797,4594451.329,2.319824033,41.49967413
252206,Térmens,23,Noguera,313706.0001,4620846.598,0.760492054,41.71760607
171962,Terrades,02,Alt Empordà,486731.7488,4684220.384,2.839005502,42.31010567
082798,Terrassa,40,Vallès Occidental,417476.0153,4601726.781,2.010294804,41.56295878
082824,Tiana,21,Maresme,438972.9791,4592493.604,2.269019357,41.48172848
252213,Tírvia,26,Pallars Sobirà,355656.7296,4708471.416,1.242875431,42.51515105
252228,Tiurana,23,Noguera,355520.2742,4648473.324,1.256157847,41.97501877
431495,Tivenys,09,Baix Ebre,290480.286,4531471.636,0.512315345,40.90752993
431508,Tivissa,30,Ribera d'Ebre,309424.7499,4545963.54,0.732607845,41.04260664
082830,Tona,24,Osona,436012.2851,4633411.689,2.229175918,41.85002154
252234,Torà,32,Segarra,367336.1549,4630246.206,1.402811908,41.81299173
082845,Tordera,21,Maresme,476599.1875,4616398.356,2.718763122,41.69902461
082858,Torelló,24,Osona,438808.4549,4655273.703,2.260585184,42.04713193
252249,"Torms, els",18,Garrigues,309307.8639,4585054.449,0.719020561,41.39442803
252252,Tornabous,38,Urgell,337986.97,4618470.35,1.05285368,41.70153249
252271,"Torre de Cabdella, la",25,Pallars Jussà,334006.6212,4698596.565,0.982329839,42.42193135
082861,"Torre de Claramunt, la",06,Anoia,388067.0658,4598860.897,1.658209642,41.5335756
431515,"Torre de Fontaubella, la",29,Priorat,320711.5095,4554767.443,0.864236158,41.1244212
431520,"Torre de l'Espanyol, la",30,Ribera d'Ebre,300812.3469,4562722.903,0.624788569,41.1913854
252265,Torrebesses,33,Segrià,298955.7344,4588871.661,0.594026858,41.42626107
431536,Torredembarra,36,Tarragonès,365402.3866,4556211.74,1.396064236,41.14606579
252287,Torrefarrera,33,Segrià,300805.9449,4616246.689,0.607077676,41.67308438
259078,Torrefeta i Florejacs,32,Segarra,356578.3476,4623949.901,1.274869878,41.75443314
252304,Torregrossa,27,Pla d'Urgell,319262.7891,4605428.644,0.831905372,41.58011517
252311,Torrelameu,23,Noguera,308881.3754,4619468.843,0.702979521,41.70406182
082877,Torrelavit,03,Alt Penedès,393905.8835,4589085.94,1.729905868,41.44634498
082883,Torrelles de Foix,03,Alt Penedès,380353.5035,4582870.659,1.568940183,41.38847247
082896,Torrelles de Llobregat,11,Baix Llobregat,414775.8401,4579116.767,1.981109195,41.35904782
171978,Torrent,10,Baix Empordà,510572.4844,4644445.141,3.127563835,41.95191363
252326,Torres de Segre,33,Segrià,292499.1392,4601156.38,0.512600714,41.53516991
252332,Torre-serona,33,Segrià,302800.1839,4616178.606,0.631037175,41.67296782
171984,Torroella de Fluvià,02,Alt Empordà,503347.6609,4669237.234,3.040533504,42.175269
171997,Torroella de Montgrí,10,Baix Empordà,510459.5015,4654337.806,3.12637678,42.04101493
431541,Torroja del Priorat,29,Priorat,316425.0597,4564776.063,0.810210307,41.21355499
172001,Tortellà,19,Garrotxa,469442.6574,4675692.502,2.629675788,42.23281673
431554,Tortosa,09,Baix Ebre,290904.2497,4520723.481,0.520955976,40.810905
172018,Toses,31,Ripollès,418998.3532,4685968.145,2.016964383,42.32174548
172023,Tossa de Mar,34,Selva,494246.8372,4618446.697,2.930836887,41.71779758
252347,Tremp,25,Pallars Jussà,326195.4076,4670452.067,0.895896972,42.16691811
172044,Ullà,10,Baix Empordà,508915.8478,4655423.652,3.107742163,42.0508137
082900,Ullastrell,40,Vallès Occidental,412974.4545,4597776.279,1.956888262,41.52690369
172057,Ullastret,10,Baix Empordà,505664.5177,4649863.187,3.068398309,42.00076286
431567,Ulldecona,22,Montsià,284130.7722,4497266.192,0.448797887,40.59804299
431573,Ulldemolins,29,Priorat,322264.074,4576721.186,0.876332184,41.32238367
172039,Ultramort,10,Baix Empordà,502856.5436,4653845.214,3.034511785,42.03664273
172060,Urús,15,Cerdanya,405456.6305,4689346.009,1.852098708,42.35063439
082917,Vacarisses,40,Vallès Occidental,409905.0411,4606589.847,1.918781001,41.60593686
170144,"Vajol, la",02,Alt Empordà,483569.823,4694628.424,2.800342985,42.40378073
172082,"Vall de Bianya, la",19,Garrotxa,455057.6174,4673354.607,2.45553093,42.21106657
250432,"Vall de Boí, la",05,Alta Ribagorça,319281.6712,4708146.692,0.800461177,42.50458673
259010,Vall de Cardós,26,Pallars Sobirà,354517.8014,4713879.117,1.227640857,42.56361512
172076,"Vall d'en Bas, la",19,Garrotxa,455291.5394,4662985.765,2.459160667,42.11769812
082922,Vallbona d'Anoia,06,Anoia,392319.0133,4597286.949,1.709448701,41.51998537
252385,Vallbona de les Monges,38,Urgell,340553.8745,4598808.361,1.088920757,41.52504899
082938,Vallcebre,14,Berguedà,402469.5336,4673028.006,1.818586195,42.20333326
431589,Vallclara,16,Conca de Barberà,331255.7367,4582596.406,0.982069891,41.37720472
252402,Vallfogona de Balaguer,23,Noguera,318449.8425,4624546.899,0.816350796,41.75200775
171707,Vallfogona de Ripollès,31,Ripollès,442549.5873,4671915.7,2.304150212,42.19728894
431592,Vallfogona de Riucorb,16,Conca de Barberà,352930.9237,4602771.273,1.236228855,41.56309674
082943,Vallgorguina,41,Vallès Oriental,459322.7846,4610728.332,2.511522938,41.64725988
082956,Vallirana,11,Baix Llobregat,410697.8582,4582386.803,1.931881445,41.38805611
172095,Vall-llobrega,10,Baix Empordà,510533.4242,4636520.129,3.126951014,41.88053534
431606,Vallmoll,01,Alt Camp,353268.398,4567172.868,1.248902308,41.24265311
082969,Vallromanes,41,Vallès Oriental,441467.1895,4598037.046,2.298353915,41.53184295
431613,Valls,01,Alt Camp,353254.583,4571799.26,1.247623975,41.28430482
259062,"Valls d'Aguilar, les",04,Alt Urgell,363306.5543,4683746.32,1.341832868,42.29395966
252398,"Valls de Valira, les",04,Alt Urgell,372950.6394,4693020.261,1.456737734,42.37908342
431628,Vandellòs i l'Hospitalet de l'Infant,08,Baix Camp,317677.03,4543233.879,0.831528354,41.01992442
259097,"Vansa i Fórnols, la",04,Alt Urgell,374614.4418,4676826.681,1.480451914,42.23356279
082975,Veciana,06,Anoia,374161.0315,4612684.127,1.488662991,41.65597683
431634,"Vendrell, el",12,Baix Penedès,377208.2917,4564227.698,1.53509551,41.22012232
172109,Ventalló,02,Alt Empordà,502222.6377,4666361.239,3.026900742,42.14937061
252424,Verdú,38,Urgell,345258.6545,4608207.091,1.142859787,41.61058522
172116,Verges,10,Baix Empordà,503861.5654,4656487.211,3.046671526,42.06043381
431649,Vespella de Gaià,36,Tarragonès,362716.6276,4561756.135,1.362829038,41.19553911
082981,Vic,24,Osona,438172.0719,4642269.531,2.254264193,41.92996761
172121,Vidrà,24,Osona,442947.5252,4663633.684,2.309780855,42.12273222
172137,Vidreres,34,Selva,481747.5444,4626447.399,2.780328583,41.78967114
252430,Vielha e Mijaran,39,Aran,319414.434,4730070.703,0.795126455,42.70191316
431652,Vilabella,01,Alt Camp,360065.2909,4567494.449,1.329909008,41.2467535
172142,Vilabertran,02,Alt Empordà,498325.7811,4681260.82,2.979693865,42.28356246
172155,Vilablareix,20,Gironès,482930.442,4644553.351,2.794042045,41.95277439
082994,Vilada,14,Berguedà,411718.795,4665524.799,1.931742789,42.13686727
172174,Viladamat,02,Alt Empordà,506100.6297,4664518.206,3.073817047,42.13275084
172168,Viladasens,20,Gironès,494186.5794,4660363.29,2.92969952,42.09533185
083015,Viladecans,11,Baix Llobregat,417945.6478,4574289.048,2.019652409,41.31589677
083008,Viladecavalls,40,Vallès Occidental,412803.0027,4600934.816,1.954375361,41.55533046
172180,Vilademuls,28,Pla de l'Estany,490741.6107,4665161.324,2.887964208,42.1385121
172207,Viladrau,24,Osona,449356.303,4633045.588,2.38994519,41.84769059
172214,Vilafant,02,Alt Empordà,494868.2787,4677162.117,2.937795096,42.24663345
083054,Vilafranca del Penedès,03,Alt Penedès,391009.0313,4578041.386,1.697222865,41.34649761
252445,Vilagrassa,38,Urgell,342315.1051,4612454.168,1.106432042,41.64824278
172235,Vilajuïga,02,Alt Empordà,507756.7964,4686138.244,3.094145391,42.3274526
431750,Vilalba dels Arcs,37,Terra Alta,282582.4557,4555435.733,0.410194282,41.12112328
083067,Vilalba Sasserra,41,Vallès Oriental,453464.1447,4611385.523,2.44112064,41.65285857
252458,Vilaller,05,Alta Ribagorça,312356.6378,4705196.802,0.717205843,42.47639332
172240,Vilallonga de Ter,31,Ripollès,443353.7895,4686831.159,2.312432131,42.3316703
431665,Vilallonga del Camp,36,Tarragonès,349594.6226,4563773.237,1.205916871,41.21136969
172253,Vilamacolum,02,Alt Empordà,504702.6813,4671604.228,3.056959228,42.19658005
172266,Vilamalla,02,Alt Empordà,497583.2738,4673891.651,2.970718914,42.21719177
172272,Vilamaniscle,02,Alt Empordà,505581.8022,4691470.252,3.067798773,42.37549187
252477,Vilamòs,39,Aran,313931.8688,4735296.774,0.726519814,42.74763184
172288,Vilanant,02,Alt Empordà,490856.7089,4678095.343,2.889153626,42.25500164
252483,Vilanova de Bellpuig,27,Pla d'Urgell,330134.5632,4609016.145,0.961223054,41.61479322
252542,Vilanova de la Barca,33,Segrià,310988.9933,4617968.394,0.728766743,41.6910611
252496,Vilanova de l'Aguda,23,Noguera,355068.9146,4641356.346,1.252463404,41.91086491
252509,Vilanova de Meià,23,Noguera,336293.7146,4651175.135,1.023470182,41.99558008
431687,Vilanova de Prades,16,Conca de Barberà,329033.4489,4579413.532,0.956407714,41.34808373
083036,Vilanova de Sau,24,Osona,449010.3858,4644087.608,2.384824808,41.94711624
252516,Vilanova de Segrià,33,Segrià,301897.7607,4620599.498,0.618737616,41.71252913
083020,Vilanova del Camí,06,Anoia,386131.9784,4603187.021,1.634199238,41.57225855
089024,Vilanova del Vallès,41,Vallès Oriental,440707.0423,4600509.604,2.288998615,41.55405656
431671,Vilanova d'Escornalbou,08,Baix Camp,326758.2959,4553349.269,0.936622714,41.11296714
083073,Vilanova i la Geltrú,17,Garraf,393232.3263,4564418.219,1.726180234,41.22411114
431690,Vilaplana,08,Baix Camp,335149.7691,4566006.932,1.03310439,41.22866612
431704,Vila-rodona,01,Alt Camp,362580.6934,4574571.156,1.358321566,41.31090434
172305,Vila-sacra,02,Alt Empordà,501520.7343,4679250.264,3.018439284,42.26545523
252521,Vila-sana,27,Pla d'Urgell,327452.4416,4614497.094,0.927470734,41.6635538
431711,Vila-seca,36,Tarragonès,344233.5157,4552732.042,1.144805793,41.11094923
082140,Vilassar de Dalt,21,Maresme,446554.0198,4596348.552,2.359477069,41.51699079
082191,Vilassar de Mar,21,Maresme,449297.0116,4594707.529,2.392486809,41.50238859
172229,Vilaür,02,Alt Empordà,496189.4617,4665714.274,2.953885017,42.14353764
431726,Vilaverd,16,Conca de Barberà,347492.4068,4577756.342,1.177353406,41.33686977
431732,"Vilella Alta, la",29,Priorat,314035.5848,4566068.511,0.781334275,41.22464309
431747,"Vilella Baixa, la",29,Priorat,312391.6352,4565656.954,0.761861618,41.22055919
083041,Vilobí del Penedès,03,Alt Penedès,388272.8277,4582940.974,1.663622541,41.39024459
172333,Vilobí d'Onyar,34,Selva,478671.9431,4637414.879,2.742918474,41.88837663
172327,Vilopriu,10,Baix Empordà,499362.5949,4661346.253,2.992290918,42.10420619
252537,"Vilosell, el",18,Garrigues,328305.7381,4583342.429,0.94660253,41.38329641
431763,Vimbodí i Poblet,16,Conca de Barberà,337086.8416,4585031.29,1.051107112,41.400326
252555,Vinaixa,18,Garrigues,330805.7794,4588296.418,0.975099399,41.42842162
431779,Vinebre,30,Ribera d'Ebre,297926.9615,4562007.666,0.590646848,41.18423376
431785,Vinyols i els Arcs,08,Baix Camp,335367.3553,4553223.349,1.039134837,41.11362398
083089,Viver i Serrateix,14,Berguedà,398763.3121,4644582.99,1.778623024,41.94672926
430521,Xerta,09,Baix Ebre,288653.3384,4531444.596,0.490652464,40.90681676
999998,No consta,98,No consta,0,0,0,0
999999,Altres/Diversos,99,Altres/Diversos,0,0,0,0
